planning_status_normalized,num_records,share_of_records,avg_data_confidence_score
CONSTRUCTION,54,0.057569296375266525,99.81481481481481
PERMIT_APPROVED,173,0.18443496801705758,99.47976878612717
PLAN_APPROVED,325,0.3464818763326226,99.44615384615385
PLAN_IN_PROGRESS,385,0.41044776119402987,97.71428571428571
UNKNOWN,1,0.0010660980810234541,60.0
